prompt,answer,rank
Tell me a funny joke about programming:,"Why do programmers prefer dark mode? Because light attracts bugs! It's also easier on the eyes during those long coding sessions, and honestly, we just look cooler typing in the darkness.",4
Tell me a funny joke about programming:,"Why don't programmers like nature? It has too many bugs! Also, there's no Wi-Fi in the woods.",3
Tell me a funny joke about programming:,"Programming is like a joke. If you have to explain it, it's not that good.",2
Tell me a funny joke about programming:,Code funny sometimes.,1
Write a short summary of the benefits of renewable energy:,"Renewable energy sources like solar, wind, and hydroelectric power offer significant environmental and economic advantages. They reduce greenhouse gas emissions, decrease dependence on fossil fuels, create sustainable jobs, and provide long-term cost savings. Additionally, renewable energy enhances energy security and helps combat climate change while promoting technological innovation.",4
Write a short summary of the benefits of renewable energy:,"Renewable energy is good for the environment because it doesn't produce harmful emissions. It includes solar panels, wind turbines, and water power. It's also becoming cheaper and creates new jobs.",3
Write a short summary of the benefits of renewable energy:,Renewable energy is clean and doesn't pollute the air like coal or oil. It's better for nature.,2
Write a short summary of the benefits of renewable energy:,Clean energy good.,1
Explain why reading books is important in 2-3 sentences:,"Reading books enhances cognitive function, improves vocabulary, and broadens knowledge across diverse subjects while developing critical thinking skills. It also fosters empathy by exposing readers to different perspectives and experiences, ultimately making us more well-rounded individuals. Regular reading has been shown to reduce stress and improve mental health throughout life.",4
Explain why reading books is important in 2-3 sentences:,Reading books helps you learn new things and makes you smarter. It also improves your vocabulary and helps you understand different viewpoints from various authors and characters.,3
Explain why reading books is important in 2-3 sentences:,Books are good because they teach you stuff and make you think better.,2
Explain why reading books is important in 2-3 sentences:,Reading important.,1
Create a mini-essay about the importance of teamwork (50-100 words):,"Teamwork is fundamental to achieving complex goals that exceed individual capabilities. When people collaborate effectively, they combine diverse skills, perspectives, and experiences to solve problems more creatively and efficiently. Good teamwork fosters communication, builds trust, and creates shared accountability. It distributes workload, reduces individual stress, and often leads to superior outcomes than solo efforts. In professional settings, teamwork drives innovation and productivity, while in personal contexts, it strengthens relationships and builds community bonds that enhance everyone's success.",4
Create a mini-essay about the importance of teamwork (50-100 words):,"Teamwork is important because it helps people work together to achieve common goals. When team members combine their different skills and ideas, they can solve problems better than working alone. Good teamwork requires communication, trust, and cooperation between all members to be successful.",3
Create a mini-essay about the importance of teamwork (50-100 words):,Teams are good because people can help each other. Working together is better than working alone because you get more done.,2
Create a mini-essay about the importance of teamwork (50-100 words):,Teamwork good.,1
Describe your ideal vacation destination and why:,"My ideal vacation destination would be New Zealand, combining breathtaking natural landscapes with adventure activities and rich cultural experiences. The country offers diverse experiences from snow-capped mountains and pristine lakes to geothermal wonders and stunning coastlines. I'm drawn to its excellent hiking trails, friendly locals, unique wildlife, and the perfect balance of relaxation and adventure sports like bungee jumping and skydiving. The clean environment and sustainable tourism practices make it an ideal escape from city life.",4
Describe your ideal vacation destination and why:,"I would love to visit Japan because it has beautiful temples, delicious food, and fascinating culture. The cherry blossoms in spring look amazing, and I'm interested in both traditional and modern aspects of Japanese society.",3
Describe your ideal vacation destination and why:,A beach vacation sounds nice because it's relaxing and you can swim and get a tan.,2
Describe your ideal vacation destination and why:,Somewhere fun.,1
